ProcedureKey,ProcedureCode,ProcedureDescription
1,97099,Description for 97099
2,19272,Description for 19272
3,65512,Description for 65512
4,38334,Description for 38334
5,10594,Description for 10594
6,62851,Description for 62851
7,51092,Description for 51092
8,72519,Description for 72519
9,83568,Description for 83568
10,31703,Description for 31703
11,95323,Description for 95323
12,83138,Description for 83138
13,35352,Description for 35352
14,49301,Description for 49301
15,67685,Description for 67685
16,76228,Description for 76228
17,92027,Description for 92027
18,35802,Description for 35802
19,44240,Description for 44240
20,64565,Description for 64565
21,77862,Description for 77862
22,69253,Description for 69253
23,60026,Description for 60026
24,50488,Description for 50488
25,66488,Description for 66488
26,54722,Description for 54722
27,34058,Description for 34058
28,77686,Description for 77686
29,61512,Description for 61512
30,50579,Description for 50579
31,93937,Description for 93937
32,23640,Description for 23640
33,37553,Description for 37553
34,79324,Description for 79324
35,31275,Description for 31275
36,37438,Description for 37438
37,72385,Description for 72385
38,88074,Description for 88074
39,32368,Description for 32368
40,81335,Description for 81335
41,80940,Description for 80940
42,81004,Description for 81004
43,73886,Description for 73886
44,59221,Description for 59221
45,62865,Description for 62865
46,48928,Description for 48928
47,80157,Description for 80157
48,22385,Description for 22385
49,32476,Description for 32476
50,87449,Description for 87449
51,62257,Description for 62257
52,12503,Description for 12503
53,86516,Description for 86516
54,90778,Description for 90778
55,41693,Description for 41693
56,17985,Description for 17985
57,63317,Description for 63317
58,14248,Description for 14248
59,73383,Description for 73383
60,80860,Description for 80860
61,49287,Description for 49287
62,54593,Description for 54593
63,26735,Description for 26735
64,62403,Description for 62403
65,46695,Description for 46695
66,22847,Description for 22847
67,80260,Description for 80260
68,55156,Description for 55156
69,69624,Description for 69624
70,47737,Description for 47737
71,59557,Description for 59557
72,99116,Description for 99116
73,76555,Description for 76555
74,94387,Description for 94387
75,41310,Description for 41310
76,45988,Description for 45988
77,82900,Description for 82900
78,81368,Description for 81368
79,50877,Description for 50877
80,88065,Description for 88065
81,34829,Description for 34829
82,76837,Description for 76837
83,93172,Description for 93172
84,15959,Description for 15959
85,34682,Description for 34682
86,28756,Description for 28756
87,60350,Description for 60350
88,59393,Description for 59393
89,18440,Description for 18440
90,33477,Description for 33477
91,28743,Description for 28743
92,82301,Description for 82301
93,58050,Description for 58050
94,99657,Description for 99657
95,61423,Description for 61423
96,36336,Description for 36336
97,29264,Description for 29264
98,87459,Description for 87459
99,23579,Description for 23579
100,98740,Description for 98740
101,32276,Description for 32276
102,20885,Description for 20885
103,12170,Description for 12170
104,63605,Description for 63605
105,28888,Description for 28888
106,21372,Description for 21372
107,51911,Description for 51911
108,76197,Description for 76197
109,40833,Description for 40833
110,78168,Description for 78168
111,36815,Description for 36815
112,44222,Description for 44222
113,60303,Description for 60303
114,56101,Description for 56101
115,44127,Description for 44127
116,66708,Description for 66708
117,75741,Description for 75741
118,83848,Description for 83848
119,79612,Description for 79612
120,73441,Description for 73441
121,70466,Description for 70466
122,47648,Description for 47648
123,52828,Description for 52828
124,18986,Description for 18986
125,54517,Description for 54517
126,74235,Description for 74235
127,19473,Description for 19473
128,92971,Description for 92971
129,78591,Description for 78591
130,48229,Description for 48229
131,93600,Description for 93600
132,38106,Description for 38106
133,16577,Description for 16577
134,43276,Description for 43276
135,26236,Description for 26236
136,68993,Description for 68993
137,83520,Description for 83520
138,22122,Description for 22122
139,59424,Description for 59424
140,72322,Description for 72322
141,37839,Description for 37839
142,72288,Description for 72288
143,54812,Description for 54812
144,78252,Description for 78252
145,79940,Description for 79940
146,25649,Description for 25649
147,56389,Description for 56389
148,90344,Description for 90344
149,26100,Description for 26100
150,86171,Description for 86171
151,93625,Description for 93625
152,62731,Description for 62731
153,77330,Description for 77330
154,14792,Description for 14792
155,10873,Description for 10873
156,91368,Description for 91368
157,65103,Description for 65103
158,16181,Description for 16181
159,33120,Description for 33120
160,89129,Description for 89129
161,97128,Description for 97128
162,48520,Description for 48520
163,92854,Description for 92854
164,27536,Description for 27536
165,31740,Description for 31740
166,90020,Description for 90020
167,24765,Description for 24765
168,61583,Description for 61583
169,30905,Description for 30905
170,96516,Description for 96516
171,84695,Description for 84695
172,88186,Description for 88186
173,83003,Description for 83003
174,32188,Description for 32188
175,45625,Description for 45625
176,16312,Description for 16312
177,14490,Description for 14490
178,16347,Description for 16347
179,22401,Description for 22401
180,48088,Description for 48088
181,61418,Description for 61418
182,16950,Description for 16950
183,80926,Description for 80926
184,34843,Description for 34843
185,37781,Description for 37781
186,48910,Description for 48910
187,83966,Description for 83966
188,27293,Description for 27293
189,42460,Description for 42460
190,51814,Description for 51814
191,37381,Description for 37381
192,87207,Description for 87207
193,65827,Description for 65827
194,88860,Description for 88860
195,73113,Description for 73113
196,48631,Description for 48631
197,76215,Description for 76215
198,28629,Description for 28629
199,66787,Description for 66787
200,21507,Description for 21507
201,49036,Description for 49036
202,17418,Description for 17418
203,65535,Description for 65535
204,32884,Description for 32884
205,27260,Description for 27260
206,61922,Description for 61922
207,32112,Description for 32112
208,28882,Description for 28882
209,90254,Description for 90254
210,85648,Description for 85648
211,56423,Description for 56423
212,48145,Description for 48145
213,98891,Description for 98891
214,42901,Description for 42901
215,64262,Description for 64262
216,81382,Description for 81382
217,74108,Description for 74108
218,86434,Description for 86434
219,58927,Description for 58927
220,16691,Description for 16691
221,23288,Description for 23288
222,68398,Description for 68398
223,43707,Description for 43707
224,38201,Description for 38201
225,77126,Description for 77126
226,90260,Description for 90260
227,16209,Description for 16209
228,40331,Description for 40331
229,74389,Description for 74389
230,64252,Description for 64252
231,39505,Description for 39505
232,39898,Description for 39898
233,16619,Description for 16619
234,31486,Description for 31486
235,16073,Description for 16073
236,87837,Description for 87837
237,44220,Description for 44220
238,90647,Description for 90647
239,46905,Description for 46905
240,94187,Description for 94187
241,92950,Description for 92950
242,80248,Description for 80248
243,37417,Description for 37417
244,74016,Description for 74016
245,73236,Description for 73236
246,41276,Description for 41276
247,20325,Description for 20325
248,88175,Description for 88175
249,42440,Description for 42440
250,95320,Description for 95320
251,72815,Description for 72815
252,62293,Description for 62293
253,44933,Description for 44933
254,26301,Description for 26301
255,69497,Description for 69497
256,38997,Description for 38997
257,42064,Description for 42064
258,32480,Description for 32480
259,18919,Description for 18919
260,82082,Description for 82082
261,85683,Description for 85683
262,26788,Description for 26788
263,66686,Description for 66686
264,24943,Description for 24943
265,56868,Description for 56868
266,96348,Description for 96348
267,13818,Description for 13818
268,12975,Description for 12975
269,73933,Description for 73933
270,14797,Description for 14797
271,24986,Description for 24986
272,71208,Description for 71208
273,66044,Description for 66044
274,57233,Description for 57233
275,77530,Description for 77530
276,75224,Description for 75224
277,59666,Description for 59666
278,97753,Description for 97753
279,64858,Description for 64858
280,70031,Description for 70031
281,71567,Description for 71567
282,93637,Description for 93637
283,84252,Description for 84252
284,87463,Description for 87463
285,40975,Description for 40975
286,25709,Description for 25709
287,99175,Description for 99175
288,32945,Description for 32945
289,80927,Description for 80927
290,50999,Description for 50999
291,56783,Description for 56783
292,43551,Description for 43551
293,80111,Description for 80111
294,67308,Description for 67308
295,38647,Description for 38647
296,53818,Description for 53818
297,33651,Description for 33651
298,38967,Description for 38967
299,81909,Description for 81909
300,13182,Description for 13182
301,31515,Description for 31515
302,28516,Description for 28516
303,32293,Description for 32293
304,71817,Description for 71817
305,40876,Description for 40876
306,86127,Description for 86127
307,18784,Description for 18784
308,99539,Description for 99539
309,56158,Description for 56158
310,61126,Description for 61126
311,33564,Description for 33564
312,10775,Description for 10775
313,26113,Description for 26113
314,95150,Description for 95150
315,70414,Description for 70414
316,36280,Description for 36280
317,55816,Description for 55816
318,27076,Description for 27076
319,90191,Description for 90191
320,10624,Description for 10624
321,29648,Description for 29648
322,96664,Description for 96664
323,14054,Description for 14054
324,52421,Description for 52421
325,53573,Description for 53573
326,12049,Description for 12049
327,14742,Description for 14742
328,85984,Description for 85984
329,10680,Description for 10680
330,28509,Description for 28509
331,67275,Description for 67275
332,67663,Description for 67663
333,42124,Description for 42124
334,54873,Description for 54873
335,84526,Description for 84526
336,16227,Description for 16227
337,65991,Description for 65991
338,64891,Description for 64891
339,94379,Description for 94379
340,23873,Description for 23873
341,84978,Description for 84978
342,87110,Description for 87110
343,57928,Description for 57928
344,99335,Description for 99335
345,70034,Description for 70034
346,11092,Description for 11092
347,88775,Description for 88775
348,42386,Description for 42386
349,29643,Description for 29643
350,21811,Description for 21811
351,30708,Description for 30708
352,10533,Description for 10533
353,31180,Description for 31180
354,25022,Description for 25022
355,80581,Description for 80581
356,43153,Description for 43153
357,73348,Description for 73348
358,83727,Description for 83727
359,64576,Description for 64576
360,72900,Description for 72900
361,94313,Description for 94313
362,98517,Description for 98517
363,91548,Description for 91548
364,28858,Description for 28858
365,73860,Description for 73860
366,30747,Description for 30747
367,76838,Description for 76838
368,91667,Description for 91667
369,36452,Description for 36452
370,25017,Description for 25017
371,94391,Description for 94391
372,73331,Description for 73331
373,24902,Description for 24902
374,12502,Description for 12502
375,55034,Description for 55034
376,94032,Description for 94032
377,92082,Description for 92082
378,57526,Description for 57526
379,72284,Description for 72284
380,11572,Description for 11572
381,20696,Description for 20696
382,77355,Description for 77355
383,85042,Description for 85042
384,89901,Description for 89901
385,74028,Description for 74028
386,75586,Description for 75586
387,96501,Description for 96501
388,51815,Description for 51815
389,78574,Description for 78574
390,28466,Description for 28466
391,78165,Description for 78165
392,91967,Description for 91967
393,42843,Description for 42843
394,62792,Description for 62792
395,11577,Description for 11577
396,21873,Description for 21873
397,56103,Description for 56103
398,39446,Description for 39446
399,88836,Description for 88836
400,49681,Description for 49681
401,29620,Description for 29620
402,17590,Description for 17590
403,37514,Description for 37514
404,46355,Description for 46355
405,19192,Description for 19192
406,14152,Description for 14152
407,62077,Description for 62077
408,57875,Description for 57875
409,98085,Description for 98085
410,66369,Description for 66369
411,61903,Description for 61903
412,39749,Description for 39749
413,67217,Description for 67217
414,53158,Description for 53158
415,25049,Description for 25049
416,28965,Description for 28965
417,41043,Description for 41043
418,89429,Description for 89429
419,98789,Description for 98789
420,27187,Description for 27187
421,68672,Description for 68672
422,55904,Description for 55904
423,69466,Description for 69466
424,89179,Description for 89179
425,65221,Description for 65221
426,55813,Description for 55813
427,51599,Description for 51599
428,80683,Description for 80683
429,18379,Description for 18379
430,70062,Description for 70062
431,40573,Description for 40573
432,88068,Description for 88068
433,62922,Description for 62922
434,57761,Description for 57761
435,48323,Description for 48323
436,19118,Description for 19118
437,38544,Description for 38544
438,98707,Description for 98707
439,62078,Description for 62078
440,88089,Description for 88089
441,29459,Description for 29459
442,33031,Description for 33031
443,80173,Description for 80173
444,60179,Description for 60179
445,69913,Description for 69913
446,63992,Description for 63992
447,72067,Description for 72067
448,96520,Description for 96520
449,76392,Description for 76392
450,15642,Description for 15642
451,97307,Description for 97307
452,15170,Description for 15170
453,15960,Description for 15960
454,83558,Description for 83558
455,52104,Description for 52104
456,14137,Description for 14137
457,75131,Description for 75131
458,40515,Description for 40515
459,44306,Description for 44306
460,28103,Description for 28103
461,55486,Description for 55486
462,23028,Description for 23028
463,97622,Description for 97622
464,22663,Description for 22663
465,85733,Description for 85733
466,82159,Description for 82159
467,16011,Description for 16011
468,91376,Description for 91376
469,94775,Description for 94775
470,60098,Description for 60098
471,36098,Description for 36098
472,96596,Description for 96596
473,59746,Description for 59746
474,85233,Description for 85233
475,95565,Description for 95565
476,51696,Description for 51696
477,50702,Description for 50702
478,69627,Description for 69627
479,21990,Description for 21990
480,48569,Description for 48569
481,83139,Description for 83139
482,29054,Description for 29054
483,59409,Description for 59409
484,39845,Description for 39845
485,29743,Description for 29743
486,50281,Description for 50281
487,19586,Description for 19586
488,31072,Description for 31072
489,65257,Description for 65257
490,99648,Description for 99648
491,80506,Description for 80506
492,24864,Description for 24864
493,91715,Description for 91715
494,49350,Description for 49350
495,20321,Description for 20321
496,32679,Description for 32679
497,76516,Description for 76516
498,80862,Description for 80862
499,81167,Description for 81167
500,67876,Description for 67876
501,44164,Description for 44164
502,18242,Description for 18242
503,68834,Description for 68834
504,86541,Description for 86541
505,25421,Description for 25421
506,92138,Description for 92138
507,91614,Description for 91614
508,78421,Description for 78421
509,93756,Description for 93756
510,28343,Description for 28343
511,91947,Description for 91947
512,83775,Description for 83775
513,81006,Description for 81006
514,86751,Description for 86751
515,55688,Description for 55688
516,88798,Description for 88798
517,59429,Description for 59429
518,49184,Description for 49184
519,48661,Description for 48661
520,38569,Description for 38569
521,52753,Description for 52753
522,44780,Description for 44780
523,44353,Description for 44353
524,81059,Description for 81059
525,54961,Description for 54961
526,23087,Description for 23087
527,55474,Description for 55474
528,76002,Description for 76002
529,90965,Description for 90965
530,86009,Description for 86009
531,14103,Description for 14103
532,62220,Description for 62220
533,85254,Description for 85254
534,50069,Description for 50069
535,77022,Description for 77022
536,30816,Description for 30816
537,77923,Description for 77923
538,54827,Description for 54827
539,81680,Description for 81680
540,36748,Description for 36748
541,90648,Description for 90648
542,18914,Description for 18914
543,81614,Description for 81614
544,71194,Description for 71194
545,12413,Description for 12413
546,14042,Description for 14042
547,24734,Description for 24734
548,96229,Description for 96229
549,14794,Description for 14794
550,84155,Description for 84155
551,84104,Description for 84104
552,79392,Description for 79392
553,74923,Description for 74923
554,36904,Description for 36904
555,87292,Description for 87292
556,89162,Description for 89162
557,89988,Description for 89988
558,74486,Description for 74486
559,68248,Description for 68248
560,53650,Description for 53650
561,99110,Description for 99110
562,44345,Description for 44345
563,44478,Description for 44478
564,82739,Description for 82739
565,90306,Description for 90306
566,23747,Description for 23747
567,21924,Description for 21924
568,45797,Description for 45797
569,33093,Description for 33093
570,88488,Description for 88488
571,49397,Description for 49397
572,56277,Description for 56277
573,79716,Description for 79716
574,47510,Description for 47510
575,57026,Description for 57026
576,86230,Description for 86230
577,69666,Description for 69666
578,79888,Description for 79888
579,23847,Description for 23847
580,63419,Description for 63419
581,57808,Description for 57808
582,74584,Description for 74584
583,14451,Description for 14451
584,21714,Description for 21714
585,32015,Description for 32015
586,45063,Description for 45063
587,70339,Description for 70339
588,56227,Description for 56227
589,71219,Description for 71219
590,81199,Description for 81199
591,88996,Description for 88996
592,42375,Description for 42375
593,67236,Description for 67236
594,33111,Description for 33111
595,98859,Description for 98859
596,94869,Description for 94869
597,15671,Description for 15671
598,88041,Description for 88041
599,57229,Description for 57229
600,76884,Description for 76884
601,89217,Description for 89217
602,14966,Description for 14966
603,77543,Description for 77543
604,85931,Description for 85931
605,87996,Description for 87996
606,22567,Description for 22567
607,96844,Description for 96844
608,86682,Description for 86682
609,29163,Description for 29163
610,75349,Description for 75349
611,46746,Description for 46746
612,11151,Description for 11151
613,60896,Description for 60896
614,59110,Description for 59110
615,91782,Description for 91782
616,16177,Description for 16177
617,96640,Description for 96640
618,17411,Description for 17411
619,33457,Description for 33457
620,91835,Description for 91835
621,26392,Description for 26392
622,57482,Description for 57482
623,35025,Description for 35025
624,23554,Description for 23554
625,60807,Description for 60807
626,61602,Description for 61602
627,74754,Description for 74754
628,47408,Description for 47408
629,43232,Description for 43232
630,87784,Description for 87784
631,94408,Description for 94408
632,93109,Description for 93109
633,85505,Description for 85505
634,72075,Description for 72075
635,93672,Description for 93672
636,13500,Description for 13500
637,82532,Description for 82532
638,82936,Description for 82936
639,20955,Description for 20955
640,98585,Description for 98585
641,84096,Description for 84096
642,44857,Description for 44857
643,33617,Description for 33617
644,83202,Description for 83202
645,98016,Description for 98016
646,12425,Description for 12425
647,45232,Description for 45232
648,83583,Description for 83583
649,47198,Description for 47198
650,92417,Description for 92417
651,54025,Description for 54025
652,94049,Description for 94049
653,49262,Description for 49262
654,88143,Description for 88143
655,72433,Description for 72433
656,26920,Description for 26920
657,72144,Description for 72144
658,57072,Description for 57072
659,39023,Description for 39023
660,56590,Description for 56590
661,75508,Description for 75508
662,35990,Description for 35990
663,81446,Description for 81446
664,41215,Description for 41215
665,83038,Description for 83038
666,89145,Description for 89145
667,53784,Description for 53784
668,21774,Description for 21774
669,67692,Description for 67692
670,83173,Description for 83173
671,49669,Description for 49669
672,86784,Description for 86784
673,13311,Description for 13311
674,22238,Description for 22238
675,75411,Description for 75411
676,59101,Description for 59101
677,74221,Description for 74221
678,12624,Description for 12624
679,94733,Description for 94733
680,78878,Description for 78878
681,32212,Description for 32212
682,89939,Description for 89939
683,41962,Description for 41962
684,17628,Description for 17628
685,65977,Description for 65977
686,31771,Description for 31771
687,76780,Description for 76780
688,68724,Description for 68724
689,31858,Description for 31858
690,52719,Description for 52719
691,87268,Description for 87268
692,40905,Description for 40905
693,76288,Description for 76288
694,95127,Description for 95127
695,61226,Description for 61226
696,34217,Description for 34217
697,25665,Description for 25665
698,45409,Description for 45409
699,50028,Description for 50028
700,73040,Description for 73040
701,72470,Description for 72470
702,66316,Description for 66316
703,49443,Description for 49443
704,76035,Description for 76035
705,23071,Description for 23071
706,92730,Description for 92730
707,54496,Description for 54496
708,36178,Description for 36178
709,38012,Description for 38012
710,99240,Description for 99240
711,50167,Description for 50167
712,38747,Description for 38747
713,47185,Description for 47185
714,70661,Description for 70661
715,19692,Description for 19692
716,53161,Description for 53161
717,69234,Description for 69234
718,43372,Description for 43372
719,75096,Description for 75096
720,26959,Description for 26959
721,26061,Description for 26061
722,44102,Description for 44102
723,71183,Description for 71183
724,25936,Description for 25936
725,22009,Description for 22009
726,93583,Description for 93583
727,89410,Description for 89410
728,99924,Description for 99924
729,54793,Description for 54793
730,63473,Description for 63473
731,37481,Description for 37481
732,78984,Description for 78984
733,57632,Description for 57632
734,21031,Description for 21031
735,61338,Description for 61338
736,83109,Description for 83109
737,37549,Description for 37549
738,13073,Description for 13073
739,51460,Description for 51460
740,40262,Description for 40262
741,79478,Description for 79478
742,48211,Description for 48211
743,35804,Description for 35804
744,12322,Description for 12322
745,49511,Description for 49511
746,82218,Description for 82218
747,68234,Description for 68234
748,84880,Description for 84880
749,39525,Description for 39525
750,31796,Description for 31796
751,28166,Description for 28166
752,57935,Description for 57935
753,62581,Description for 62581
754,40996,Description for 40996
755,76397,Description for 76397
756,18654,Description for 18654
757,71167,Description for 71167
758,39234,Description for 39234
759,79939,Description for 79939
760,82192,Description for 82192
761,69174,Description for 69174
762,25561,Description for 25561
763,99815,Description for 99815
764,91583,Description for 91583
765,16512,Description for 16512
766,10343,Description for 10343
767,47722,Description for 47722
768,50212,Description for 50212
769,93499,Description for 93499
770,58987,Description for 58987
771,14036,Description for 14036
772,31621,Description for 31621
773,74575,Description for 74575
774,84689,Description for 84689
775,20315,Description for 20315
776,60762,Description for 60762
777,97690,Description for 97690
778,40799,Description for 40799
779,37057,Description for 37057
780,26389,Description for 26389
781,27892,Description for 27892
782,75121,Description for 75121
783,50030,Description for 50030
784,90222,Description for 90222
785,12905,Description for 12905
786,59043,Description for 59043
787,79731,Description for 79731
788,56163,Description for 56163
789,70046,Description for 70046
790,78602,Description for 78602
791,63594,Description for 63594
792,31154,Description for 31154
793,46892,Description for 46892
794,18563,Description for 18563
795,64818,Description for 64818
796,80228,Description for 80228
797,63635,Description for 63635
798,23125,Description for 23125
799,75305,Description for 75305
800,54714,Description for 54714
801,93273,Description for 93273
802,75685,Description for 75685
803,86694,Description for 86694
804,24073,Description for 24073
805,52433,Description for 52433
806,48760,Description for 48760
807,98260,Description for 98260
808,45087,Description for 45087
809,48275,Description for 48275
810,26938,Description for 26938
811,49349,Description for 49349
812,44937,Description for 44937
813,50206,Description for 50206
814,41543,Description for 41543
815,19057,Description for 19057
816,53499,Description for 53499
817,35709,Description for 35709
818,48406,Description for 48406
819,60549,Description for 60549
820,41344,Description for 41344
821,13116,Description for 13116
822,21947,Description for 21947
823,42855,Description for 42855
824,90322,Description for 90322
825,43004,Description for 43004
826,31361,Description for 31361
827,21378,Description for 21378
828,33830,Description for 33830
829,59549,Description for 59549
830,45953,Description for 45953
831,36627,Description for 36627
832,32654,Description for 32654
833,58808,Description for 58808
834,76697,Description for 76697
835,55893,Description for 55893
836,96406,Description for 96406
837,30160,Description for 30160
838,44657,Description for 44657
839,29142,Description for 29142
840,97567,Description for 97567
841,50797,Description for 50797
842,34468,Description for 34468
843,49699,Description for 49699
844,94937,Description for 94937
845,53959,Description for 53959
846,12543,Description for 12543
847,47318,Description for 47318
848,27046,Description for 27046
849,97333,Description for 97333
850,67667,Description for 67667
851,15734,Description for 15734
852,10007,Description for 10007
853,46798,Description for 46798
854,68849,Description for 68849
855,82537,Description for 82537
856,76983,Description for 76983
857,96751,Description for 96751
858,65805,Description for 65805
859,32837,Description for 32837
860,27768,Description for 27768
861,34403,Description for 34403
862,93106,Description for 93106
863,55352,Description for 55352
864,83722,Description for 83722
865,16765,Description for 16765
866,61422,Description for 61422
867,28018,Description for 28018
868,87992,Description for 87992
869,43135,Description for 43135
870,19913,Description for 19913
871,57816,Description for 57816
872,96838,Description for 96838
873,95706,Description for 95706
874,58373,Description for 58373
875,20323,Description for 20323
876,77544,Description for 77544
877,65098,Description for 65098
878,52632,Description for 52632
879,25195,Description for 25195
880,24337,Description for 24337
881,24898,Description for 24898
882,74396,Description for 74396
883,78346,Description for 78346
884,30026,Description for 30026
885,55886,Description for 55886
886,55355,Description for 55355
887,17579,Description for 17579
888,47173,Description for 47173
889,99076,Description for 99076
890,59803,Description for 59803
891,83871,Description for 83871
892,43043,Description for 43043
893,94560,Description for 94560
894,30474,Description for 30474
895,79762,Description for 79762
896,54384,Description for 54384
897,24051,Description for 24051
898,40586,Description for 40586
899,12772,Description for 12772
900,90376,Description for 90376
901,57453,Description for 57453
902,39352,Description for 39352
903,35011,Description for 35011
904,23836,Description for 23836
905,22001,Description for 22001
906,99638,Description for 99638
907,49671,Description for 49671
908,78865,Description for 78865
909,87744,Description for 87744
910,35029,Description for 35029
911,90940,Description for 90940
912,68170,Description for 68170
913,80589,Description for 80589
914,26258,Description for 26258
915,78655,Description for 78655
916,92339,Description for 92339
917,11192,Description for 11192
918,71735,Description for 71735
919,72615,Description for 72615
920,95364,Description for 95364
921,17791,Description for 17791
922,94029,Description for 94029
923,15021,Description for 15021
924,34098,Description for 34098
925,33276,Description for 33276
926,83410,Description for 83410
927,94358,Description for 94358
928,14049,Description for 14049
929,60502,Description for 60502
930,46233,Description for 46233
931,60914,Description for 60914
932,19793,Description for 19793
933,56340,Description for 56340
934,33146,Description for 33146
935,54764,Description for 54764
936,42832,Description for 42832
937,47313,Description for 47313
938,96544,Description for 96544
939,16123,Description for 16123
940,48412,Description for 48412
941,42094,Description for 42094
942,41723,Description for 41723
943,63867,Description for 63867
944,47145,Description for 47145
945,23669,Description for 23669
946,76051,Description for 76051
947,71490,Description for 71490
948,35057,Description for 35057
949,88980,Description for 88980
950,54569,Description for 54569
951,64507,Description for 64507
952,35919,Description for 35919
953,73450,Description for 73450
954,55304,Description for 55304
955,91169,Description for 91169
956,88516,Description for 88516
957,32999,Description for 32999
958,94041,Description for 94041
959,13419,Description for 13419
960,61916,Description for 61916
961,82427,Description for 82427
962,30968,Description for 30968
963,90048,Description for 90048
964,92218,Description for 92218
965,56591,Description for 56591
966,59436,Description for 59436
967,69425,Description for 69425
968,85161,Description for 85161
969,70730,Description for 70730
970,77809,Description for 77809
971,42002,Description for 42002
972,39741,Description for 39741
973,84439,Description for 84439
974,59842,Description for 59842
975,47779,Description for 47779
976,77581,Description for 77581
977,73016,Description for 73016
978,92461,Description for 92461
979,94425,Description for 94425
980,98772,Description for 98772
981,33649,Description for 33649
982,16266,Description for 16266
983,87010,Description for 87010
984,48101,Description for 48101
985,57657,Description for 57657
986,28076,Description for 28076
987,22036,Description for 22036
988,45537,Description for 45537
989,63078,Description for 63078
990,42688,Description for 42688
991,96629,Description for 96629
992,73630,Description for 73630
993,79080,Description for 79080
994,20652,Description for 20652
995,29347,Description for 29347
996,34211,Description for 34211
